<?xml version="1.0" encoding="UTF-8"?>
<export version="E">
  <design>
    <source>/Users/yannikmundler/Documents/GitHub/R-Pi-Digital-LED-Shield/Hardware/Digital LED Shield.kicad_sch</source>
    <date>2022 January 28, Friday 20:53:38</date>
    <tool>Eeschema (6.0.1-0)</tool>
    <sheet number="1" name="/" tstamps="/">
      <title_block>
        <title/>
        <company/>
        <rev/>
        <date/>
        <source>Digital LED Shield.kicad_sch</source>
        <comment number="1" value=""/>
        <comment number="2" value=""/>
        <comment number="3" value=""/>
        <comment number="4" value=""/>
        <comment number="5" value=""/>
        <comment number="6" value=""/>
        <comment number="7" value=""/>
        <comment number="8" value=""/>
        <comment number="9" value=""/>
      </title_block>
    </sheet>
  </design>
  <components>
    <comp ref="C1">
      <value>0.1uF</value>
      <footprint>Capacitor_SMD:C_0603_1608Metric</footprint>
      <libsource lib="Device" part="C" description="Unpolarized capacitor"/>
      <property name="Sheetname" value=""/>
      <property name="Sheetfile" value="Digital LED Shield.kicad_sch"/>
      <sheetpath names="/" tstamps="/"/>
      <tstamps>0d5db284-8d3f-4708-94db-2e21958b29e5</tstamps>
    </comp>
    <comp ref="C2">
      <value>0.1uF</value>
      <footprint>Capacitor_SMD:C_0603_1608Metric</footprint>
      <libsource lib="Device" part="C" description="Unpolarized capacitor"/>
      <property name="Sheetname" value=""/>
      <property name="Sheetfile" value="Digital LED Shield.kicad_sch"/>
      <sheetpath names="/" tstamps="/"/>
      <tstamps>59c43686-2605-4964-898c-ea48ea3b121e</tstamps>
    </comp>
    <comp ref="C3">
      <value>0.1uF</value>
      <footprint>Capacitor_SMD:C_0603_1608Metric</footprint>
      <libsource lib="Device" part="C" description="Unpolarized capacitor"/>
      <property name="Sheetname" value=""/>
      <property name="Sheetfile" value="Digital LED Shield.kicad_sch"/>
      <sheetpath names="/" tstamps="/"/>
      <tstamps>a51da19e-9a50-4dca-8d6f-5dbd75fb204b</tstamps>
    </comp>
    <comp ref="C4">
      <value>C_Polarized</value>
      <footprint>Capacitor_THT:CP_Radial_D4.0mm_P1.50mm</footprint>
      <libsource lib="Device" part="C_Polarized" description="Polarized capacitor"/>
      <property name="Sheetname" value=""/>
      <property name="Sheetfile" value="Digital LED Shield.kicad_sch"/>
      <sheetpath names="/" tstamps="/"/>
      <tstamps>a3108c40-70ec-47c8-a063-e90dda858ab8</tstamps>
    </comp>
    <comp ref="D1">
      <value>WS2812B</value>
      <footprint>LED_SMD:LED_WS2812B_PLCC4_5.0x5.0mm_P3.2mm</footprint>
      <datasheet>https://cdn-shop.adafruit.com/datasheets/WS2812B.pdf</datasheet>
      <libsource lib="LED" part="WS2812B" description="RGB LED with integrated controller"/>
      <property name="Sheetname" value=""/>
      <property name="Sheetfile" value="Digital LED Shield.kicad_sch"/>
      <sheetpath names="/" tstamps="/"/>
      <tstamps>73e6ff64-8915-4bf2-8341-ad1e32b02655</tstamps>
    </comp>
    <comp ref="IC1">
      <value>LM431BCM3X_NOPB</value>
      <footprint>LM431BCM3X:SOT95P237X95-3N</footprint>
      <datasheet>http://www.ti.com/lit/gpn/lm431</datasheet>
      <fields>
        <field name="Arrow Part Number">LM431BCM3X/NOPB</field>
        <field name="Arrow Price/Stock">https://www.arrow.com/en/products/lm431bcm3xnopb/texas-instruments</field>
        <field name="Description">2%, 1%, or 0.5% accuracy, adjustable precision Zener shunt regulator</field>
        <field name="Height">0.95</field>
        <field name="Manufacturer_Name">Texas Instruments</field>
        <field name="Manufacturer_Part_Number">LM431BCM3X/NOPB</field>
        <field name="Mouser Part Number">926-LM431BCM3X/NOPB</field>
        <field name="Mouser Price/Stock">https://www.mouser.co.uk/ProductDetail/Texas-Instruments/LM431BCM3X-NOPB?qs=QbsRYf82W3GeR8HgTZL3Rg%3D%3D</field>
      </fields>
      <libsource lib="LM431BCM3X_NOPB" part="LM431BCM3X_NOPB" description="2%, 1%, or 0.5% accuracy, adjustable precision Zener shunt regulator"/>
      <property name="Description" value="2%, 1%, or 0.5% accuracy, adjustable precision Zener shunt regulator"/>
      <property name="Height" value="0.95"/>
      <property name="Manufacturer_Name" value="Texas Instruments"/>
      <property name="Manufacturer_Part_Number" value="LM431BCM3X/NOPB"/>
      <property name="Mouser Part Number" value="926-LM431BCM3X/NOPB"/>
      <property name="Mouser Price/Stock" value="https://www.mouser.co.uk/ProductDetail/Texas-Instruments/LM431BCM3X-NOPB?qs=QbsRYf82W3GeR8HgTZL3Rg%3D%3D"/>
      <property name="Arrow Part Number" value="LM431BCM3X/NOPB"/>
      <property name="Arrow Price/Stock" value="https://www.arrow.com/en/products/lm431bcm3xnopb/texas-instruments"/>
      <property name="Sheetname" value=""/>
      <property name="Sheetfile" value="Digital LED Shield.kicad_sch"/>
      <sheetpath names="/" tstamps="/"/>
      <tstamps>7e24e271-bbb1-4df2-8e9c-915d760afab8</tstamps>
    </comp>
    <comp ref="IC2">
      <value>LM66200DRLR</value>
      <footprint>LM66200DRLR:SOTFL50P160X60-8N</footprint>
      <datasheet>https://www.ti.com/lit/gpn/lm66200</datasheet>
      <fields>
        <field name="Description">1.6-V to 5.5-V, 40-m, 2.5-A, low-IQ, dual ideal diode</field>
        <field name="Height">0.6</field>
        <field name="Manufacturer_Name">Texas Instruments</field>
        <field name="Manufacturer_Part_Number">LM66200DRLR</field>
      </fields>
      <libsource lib="LM66200DRLR" part="LM66200DRLR" description="1.6-V to 5.5-V, 40-m, 2.5-A, low-IQ, dual ideal diode"/>
      <property name="Description" value="1.6-V to 5.5-V, 40-m, 2.5-A, low-IQ, dual ideal diode"/>
      <property name="Height" value="0.6"/>
      <property name="Manufacturer_Name" value="Texas Instruments"/>
      <property name="Manufacturer_Part_Number" value="LM66200DRLR"/>
      <property name="Mouser Part Number" value=""/>
      <property name="Mouser Price/Stock" value=""/>
      <property name="Arrow Part Number" value=""/>
      <property name="Arrow Price/Stock" value=""/>
      <property name="Sheetname" value=""/>
      <property name="Sheetfile" value="Digital LED Shield.kicad_sch"/>
      <sheetpath names="/" tstamps="/"/>
      <tstamps>e6c30646-85b4-4bdb-8b5d-016932033ee6</tstamps>
    </comp>
    <comp ref="J1">
      <value>Conn_02x10_Odd_Even</value>
      <footprint>Connector_PinSocket_2.54mm:PinSocket_2x10_P2.54mm_Vertical</footprint>
      <libsource lib="Connector_Generic" part="Conn_02x10_Odd_Even" description="Generic connector, double row, 02x10, odd/even pin numbering scheme (row 1 odd numbers, row 2 even numbers), script generated (kicad-library-utils/schlib/autogen/connector/)"/>
      <property name="Sheetname" value=""/>
      <property name="Sheetfile" value="Digital LED Shield.kicad_sch"/>
      <sheetpath names="/" tstamps="/"/>
      <tstamps>91c82043-0b26-427f-b23c-6094224ddfc2</tstamps>
    </comp>
    <comp ref="J2">
      <value>Conn_01x03_Male</value>
      <footprint>Connector_PinHeader_2.54mm:PinHeader_1x03_P2.54mm_Vertical</footprint>
      <libsource lib="Connector" part="Conn_01x03_Male" description="Generic connector, single row, 01x03, script generated (kicad-library-utils/schlib/autogen/connector/)"/>
      <property name="Sheetname" value=""/>
      <property name="Sheetfile" value="Digital LED Shield.kicad_sch"/>
      <sheetpath names="/" tstamps="/"/>
      <tstamps>58fa8ecc-baf9-437b-a607-8a18b6973e48</tstamps>
    </comp>
    <comp ref="J3">
      <value>Barrel_Jack_MountingPin</value>
      <footprint>Connector_BarrelJack:BarrelJack_Horizontal</footprint>
      <libsource lib="Connector" part="Barrel_Jack_MountingPin" description="DC Barrel Jack with a mounting pin"/>
      <property name="Sheetname" value=""/>
      <property name="Sheetfile" value="Digital LED Shield.kicad_sch"/>
      <sheetpath names="/" tstamps="/"/>
      <tstamps>696818a2-08fe-4c8a-94c1-53354f7f20bb</tstamps>
    </comp>
    <comp ref="J4">
      <value>Conn_01x02_Female</value>
      <footprint>TerminalBlock_Phoenix:TerminalBlock_Phoenix_MKDS-1,5-2-5.08_1x02_P5.08mm_Horizontal</footprint>
      <libsource lib="Connector" part="Conn_01x02_Female" description="Generic connector, single row, 01x02, script generated (kicad-library-utils/schlib/autogen/connector/)"/>
      <property name="Sheetname" value=""/>
      <property name="Sheetfile" value="Digital LED Shield.kicad_sch"/>
      <sheetpath names="/" tstamps="/"/>
      <tstamps>dd95ff42-e814-43ae-aec6-057aec2b872a</tstamps>
    </comp>
    <comp ref="J5">
      <value>Conn_01x03_Male</value>
      <footprint>Connector_JST:JST_EH_B3B-EH-A_1x03_P2.50mm_Vertical</footprint>
      <libsource lib="Connector" part="Conn_01x03_Male" description="Generic connector, single row, 01x03, script generated (kicad-library-utils/schlib/autogen/connector/)"/>
      <property name="Sheetname" value=""/>
      <property name="Sheetfile" value="Digital LED Shield.kicad_sch"/>
      <sheetpath names="/" tstamps="/"/>
      <tstamps>865b8e57-628d-403a-b20f-ae88b050a883</tstamps>
    </comp>
    <comp ref="JP1">
      <value>Jumper_3_Bridged12</value>
      <footprint>Jumper:SolderJumper-3_P1.3mm_Bridged12_Pad1.0x1.5mm</footprint>
      <libsource lib="Jumper" part="Jumper_3_Bridged12" description="Jumper, 3-pole, pins 1+2 closed/bridged"/>
      <property name="Sheetname" value=""/>
      <property name="Sheetfile" value="Digital LED Shield.kicad_sch"/>
      <sheetpath names="/" tstamps="/"/>
      <tstamps>af33b692-45d2-4586-8e95-e4c4b30ce752</tstamps>
    </comp>
    <comp ref="JP2">
      <value>Jumper_2_Open</value>
      <footprint>Jumper:SolderJumper-2_P1.3mm_Open_Pad1.0x1.5mm</footprint>
      <libsource lib="Jumper" part="Jumper_2_Open" description="Jumper, 2-pole, open"/>
      <property name="Sheetname" value=""/>
      <property name="Sheetfile" value="Digital LED Shield.kicad_sch"/>
      <sheetpath names="/" tstamps="/"/>
      <tstamps>b801f54a-3e73-486e-896e-e373c1fdc718</tstamps>
    </comp>
    <comp ref="R1">
      <value>150</value>
      <footprint>Resistor_SMD:R_0805_2012Metric</footprint>
      <libsource lib="Device" part="R" description="Resistor"/>
      <property name="Sheetname" value=""/>
      <property name="Sheetfile" value="Digital LED Shield.kicad_sch"/>
      <sheetpath names="/" tstamps="/"/>
      <tstamps>340a3c97-4720-46c0-af55-cba214657808</tstamps>
    </comp>
    <comp ref="R2">
      <value>R</value>
      <footprint>Resistor_SMD:R_0603_1608Metric</footprint>
      <libsource lib="Device" part="R" description="Resistor"/>
      <property name="Sheetname" value=""/>
      <property name="Sheetfile" value="Digital LED Shield.kicad_sch"/>
      <sheetpath names="/" tstamps="/"/>
      <tstamps>893674fc-4f39-4e3b-8333-425fcaa60382</tstamps>
    </comp>
    <comp ref="R3">
      <value>10k</value>
      <footprint>Resistor_SMD:R_0603_1608Metric</footprint>
      <libsource lib="Device" part="R" description="Resistor"/>
      <property name="Sheetname" value=""/>
      <property name="Sheetfile" value="Digital LED Shield.kicad_sch"/>
      <sheetpath names="/" tstamps="/"/>
      <tstamps>23b875db-d2ae-47f5-8c5a-f411ad1dfc31</tstamps>
    </comp>
    <comp ref="R4">
      <value>10k</value>
      <footprint>Resistor_SMD:R_0603_1608Metric</footprint>
      <libsource lib="Device" part="R" description="Resistor"/>
      <property name="Sheetname" value=""/>
      <property name="Sheetfile" value="Digital LED Shield.kicad_sch"/>
      <sheetpath names="/" tstamps="/"/>
      <tstamps>bfd05285-9a18-4aaf-b221-25f4d61f241c</tstamps>
    </comp>
    <comp ref="U1">
      <value>SN74LVC1T45DBV</value>
      <footprint>Package_TO_SOT_SMD:SOT-23-6</footprint>
      <datasheet>http://www.ti.com/lit/ds/symlink/sn74lvc1t45.pdf</datasheet>
      <libsource lib="Logic_LevelTranslator" part="SN74LVC1T45DBV" description="Single-Bit Dual-Supply Bus Transceiver With Configurable Voltage Translation and 3-State Outputs, SOT-23-6"/>
      <property name="Sheetname" value=""/>
      <property name="Sheetfile" value="Digital LED Shield.kicad_sch"/>
      <sheetpath names="/" tstamps="/"/>
      <tstamps>56df0dc1-7cc2-400a-b812-0be910d395e3</tstamps>
    </comp>
  </components>
  <libparts>
    <libpart lib="Connector" part="Barrel_Jack_MountingPin">
      <description>DC Barrel Jack with a mounting pin</description>
      <docs>~</docs>
      <footprints>
        <fp>BarrelJack*</fp>
      </footprints>
      <fields>
        <field name="Reference">J</field>
        <field name="Value">Barrel_Jack_MountingPin</field>
        <field name="Datasheet">~</field>
      </fields>
      <pins>
        <pin num="1" name="" type="passive"/>
        <pin num="2" name="" type="passive"/>
        <pin num="MP" name="MountPin" type="passive"/>
      </pins>
    </libpart>
    <libpart lib="Connector" part="Conn_01x02_Female">
      <description>Generic connector, single row, 01x02, script generated (kicad-library-utils/schlib/autogen/connector/)</description>
      <docs>~</docs>
      <footprints>
        <fp>Connector*:*_1x??_*</fp>
      </footprints>
      <fields>
        <field name="Reference">J</field>
        <field name="Value">Conn_01x02_Female</field>
        <field name="Datasheet">~</field>
      </fields>
      <pins>
        <pin num="1" name="Pin_1" type="passive"/>
        <pin num="2" name="Pin_2" type="passive"/>
      </pins>
    </libpart>
    <libpart lib="Connector" part="Conn_01x03_Male">
      <description>Generic connector, single row, 01x03, script generated (kicad-library-utils/schlib/autogen/connector/)</description>
      <docs>~</docs>
      <footprints>
        <fp>Connector*:*_1x??_*</fp>
      </footprints>
      <fields>
        <field name="Reference">J</field>
        <field name="Value">Conn_01x03_Male</field>
        <field name="Datasheet">~</field>
      </fields>
      <pins>
        <pin num="1" name="Pin_1" type="passive"/>
        <pin num="2" name="Pin_2" type="passive"/>
        <pin num="3" name="Pin_3" type="passive"/>
      </pins>
    </libpart>
    <libpart lib="Connector_Generic" part="Conn_02x10_Odd_Even">
      <description>Generic connector, double row, 02x10, odd/even pin numbering scheme (row 1 odd numbers, row 2 even numbers), script generated (kicad-library-utils/schlib/autogen/connector/)</description>
      <docs>~</docs>
      <footprints>
        <fp>Connector*:*_2x??_*</fp>
      </footprints>
      <fields>
        <field name="Reference">J</field>
        <field name="Value">Conn_02x10_Odd_Even</field>
        <field name="Datasheet">~</field>
      </fields>
      <pins>
        <pin num="1" name="Pin_1" type="passive"/>
        <pin num="2" name="Pin_2" type="passive"/>
        <pin num="3" name="Pin_3" type="passive"/>
        <pin num="4" name="Pin_4" type="passive"/>
        <pin num="5" name="Pin_5" type="passive"/>
        <pin num="6" name="Pin_6" type="passive"/>
        <pin num="7" name="Pin_7" type="passive"/>
        <pin num="8" name="Pin_8" type="passive"/>
        <pin num="9" name="Pin_9" type="passive"/>
        <pin num="10" name="Pin_10" type="passive"/>
        <pin num="11" name="Pin_11" type="passive"/>
        <pin num="12" name="Pin_12" type="passive"/>
        <pin num="13" name="Pin_13" type="passive"/>
        <pin num="14" name="Pin_14" type="passive"/>
        <pin num="15" name="Pin_15" type="passive"/>
        <pin num="16" name="Pin_16" type="passive"/>
        <pin num="17" name="Pin_17" type="passive"/>
        <pin num="18" name="Pin_18" type="passive"/>
        <pin num="19" name="Pin_19" type="passive"/>
        <pin num="20" name="Pin_20" type="passive"/>
      </pins>
    </libpart>
    <libpart lib="Device" part="C">
      <description>Unpolarized capacitor</description>
      <docs>~</docs>
      <footprints>
        <fp>C_*</fp>
      </footprints>
      <fields>
        <field name="Reference">C</field>
        <field name="Value">C</field>
        <field name="Datasheet">~</field>
      </fields>
      <pins>
        <pin num="1" name="" type="passive"/>
        <pin num="2" name="" type="passive"/>
      </pins>
    </libpart>
    <libpart lib="Device" part="C_Polarized">
      <description>Polarized capacitor</description>
      <docs>~</docs>
      <footprints>
        <fp>CP_*</fp>
      </footprints>
      <fields>
        <field name="Reference">C</field>
        <field name="Value">C_Polarized</field>
        <field name="Datasheet">~</field>
      </fields>
      <pins>
        <pin num="1" name="" type="passive"/>
        <pin num="2" name="" type="passive"/>
      </pins>
    </libpart>
    <libpart lib="Device" part="R">
      <description>Resistor</description>
      <docs>~</docs>
      <footprints>
        <fp>R_*</fp>
      </footprints>
      <fields>
        <field name="Reference">R</field>
        <field name="Value">R</field>
        <field name="Datasheet">~</field>
      </fields>
      <pins>
        <pin num="1" name="" type="passive"/>
        <pin num="2" name="" type="passive"/>
      </pins>
    </libpart>
    <libpart lib="Jumper" part="Jumper_2_Open">
      <description>Jumper, 2-pole, open</description>
      <docs>~</docs>
      <footprints>
        <fp>Jumper*</fp>
        <fp>TestPoint*2Pads*</fp>
        <fp>TestPoint*Bridge*</fp>
      </footprints>
      <fields>
        <field name="Reference">JP</field>
        <field name="Value">Jumper_2_Open</field>
        <field name="Datasheet">~</field>
      </fields>
      <pins>
        <pin num="1" name="A" type="passive"/>
        <pin num="2" name="B" type="passive"/>
      </pins>
    </libpart>
    <libpart lib="Jumper" part="Jumper_3_Bridged12">
      <description>Jumper, 3-pole, pins 1+2 closed/bridged</description>
      <docs>~</docs>
      <footprints>
        <fp>Jumper*</fp>
        <fp>TestPoint*3Pads*</fp>
        <fp>TestPoint*Bridge*</fp>
      </footprints>
      <fields>
        <field name="Reference">JP</field>
        <field name="Value">Jumper_3_Bridged12</field>
        <field name="Datasheet">~</field>
      </fields>
      <pins>
        <pin num="1" name="A" type="passive"/>
        <pin num="2" name="C" type="input"/>
        <pin num="3" name="B" type="passive"/>
      </pins>
    </libpart>
    <libpart lib="LED" part="WS2812B">
      <description>RGB LED with integrated controller</description>
      <docs>https://cdn-shop.adafruit.com/datasheets/WS2812B.pdf</docs>
      <footprints>
        <fp>LED*WS2812*PLCC*5.0x5.0mm*P3.2mm*</fp>
      </footprints>
      <fields>
        <field name="Reference">D</field>
        <field name="Value">WS2812B</field>
        <field name="Footprint">LED_SMD:LED_WS2812B_PLCC4_5.0x5.0mm_P3.2mm</field>
        <field name="Datasheet">https://cdn-shop.adafruit.com/datasheets/WS2812B.pdf</field>
      </fields>
      <pins>
        <pin num="1" name="VDD" type="power_in"/>
        <pin num="2" name="DOUT" type="output"/>
        <pin num="3" name="VSS" type="power_in"/>
        <pin num="4" name="DIN" type="input"/>
      </pins>
    </libpart>
    <libpart lib="LM431BCM3X_NOPB" part="LM431BCM3X_NOPB">
      <description>2%, 1%, or 0.5% accuracy, adjustable precision Zener shunt regulator</description>
      <docs>http://www.ti.com/lit/gpn/lm431</docs>
      <fields>
        <field name="Reference">IC</field>
        <field name="Value">LM431BCM3X_NOPB</field>
        <field name="Footprint">SOT95P237X95-3N</field>
        <field name="Datasheet">http://www.ti.com/lit/gpn/lm431</field>
        <field name="Description">2%, 1%, or 0.5% accuracy, adjustable precision Zener shunt regulator</field>
        <field name="Height">0.95</field>
        <field name="Manufacturer_Name">Texas Instruments</field>
        <field name="Manufacturer_Part_Number">LM431BCM3X/NOPB</field>
        <field name="Mouser Part Number">926-LM431BCM3X/NOPB</field>
        <field name="Mouser Price/Stock">https://www.mouser.co.uk/ProductDetail/Texas-Instruments/LM431BCM3X-NOPB?qs=QbsRYf82W3GeR8HgTZL3Rg%3D%3D</field>
        <field name="Arrow Part Number">LM431BCM3X/NOPB</field>
        <field name="Arrow Price/Stock">https://www.arrow.com/en/products/lm431bcm3xnopb/texas-instruments</field>
      </fields>
      <pins>
        <pin num="1" name="CATHODE" type="passive"/>
        <pin num="2" name="REFERENCE" type="passive"/>
        <pin num="3" name="ANODE" type="passive"/>
      </pins>
    </libpart>
    <libpart lib="LM66200DRLR" part="LM66200DRLR">
      <description>1.6-V to 5.5-V, 40-m, 2.5-A, low-IQ, dual ideal diode</description>
      <docs>https://www.ti.com/lit/gpn/lm66200</docs>
      <fields>
        <field name="Reference">IC</field>
        <field name="Value">LM66200DRLR</field>
        <field name="Footprint">SOTFL50P160X60-8N</field>
        <field name="Datasheet">https://www.ti.com/lit/gpn/lm66200</field>
        <field name="Description">1.6-V to 5.5-V, 40-m, 2.5-A, low-IQ, dual ideal diode</field>
        <field name="Height">0.6</field>
        <field name="Manufacturer_Name">Texas Instruments</field>
        <field name="Manufacturer_Part_Number">LM66200DRLR</field>
      </fields>
      <pins>
        <pin num="1" name="GND_1" type="passive"/>
        <pin num="2" name="VOUT_1" type="passive"/>
        <pin num="3" name="VIN1" type="passive"/>
        <pin num="4" name="~{ON}" type="passive"/>
        <pin num="5" name="GND_2" type="passive"/>
        <pin num="6" name="VIN2" type="passive"/>
        <pin num="7" name="VOUT_2" type="passive"/>
        <pin num="8" name="ST" type="passive"/>
      </pins>
    </libpart>
    <libpart lib="Logic_LevelTranslator" part="SN74LVC1T45DBV">
      <description>Single-Bit Dual-Supply Bus Transceiver With Configurable Voltage Translation and 3-State Outputs, SOT-23-6</description>
      <docs>http://www.ti.com/lit/ds/symlink/sn74lvc1t45.pdf</docs>
      <footprints>
        <fp>SOT?23*</fp>
      </footprints>
      <fields>
        <field name="Reference">U</field>
        <field name="Value">SN74LVC1T45DBV</field>
        <field name="Footprint">Package_TO_SOT_SMD:SOT-23-6</field>
        <field name="Datasheet">http://www.ti.com/lit/ds/symlink/sn74lvc1t45.pdf</field>
      </fields>
      <pins>
        <pin num="1" name="VCCA" type="power_in"/>
        <pin num="2" name="GND" type="power_in"/>
        <pin num="3" name="A" type="bidirectional"/>
        <pin num="4" name="B" type="bidirectional"/>
        <pin num="5" name="DIR" type="input"/>
        <pin num="6" name="VCCB" type="power_in"/>
      </pins>
    </libpart>
  </libparts>
  <libraries>
    <library logical="Connector">
      <uri>/Applications/KiCad/KiCad.app/Contents/SharedSupport/symbols//Connector.kicad_sym</uri>
    </library>
    <library logical="Connector_Generic">
      <uri>/Applications/KiCad/KiCad.app/Contents/SharedSupport/symbols//Connector_Generic.kicad_sym</uri>
    </library>
    <library logical="Device">
      <uri>/Applications/KiCad/KiCad.app/Contents/SharedSupport/symbols//Device.kicad_sym</uri>
    </library>
    <library logical="Jumper">
      <uri>/Applications/KiCad/KiCad.app/Contents/SharedSupport/symbols//Jumper.kicad_sym</uri>
    </library>
    <library logical="LED">
      <uri>/Applications/KiCad/KiCad.app/Contents/SharedSupport/symbols//LED.kicad_sym</uri>
    </library>
    <library logical="LM431BCM3X_NOPB">
      <uri>/Users/yannikmundler/Documents/KiCad/6.0/Custom Library/LM431BCM3X/LM431BCM3X_NOPB.lib</uri>
    </library>
    <library logical="LM66200DRLR">
      <uri>/Users/yannikmundler/Documents/KiCad/6.0/Custom Library/LM66200DRLR/LM66200DRLR.lib</uri>
    </library>
    <library logical="Logic_LevelTranslator">
      <uri>/Applications/KiCad/KiCad.app/Contents/SharedSupport/symbols//Logic_LevelTranslator.kicad_sym</uri>
    </library>
  </libraries>
  <nets>
    <net code="1" name="+3V3">
      <node ref="C3" pin="2" pintype="passive"/>
      <node ref="J1" pin="1" pinfunction="Pin_1" pintype="passive"/>
      <node ref="J1" pin="17" pinfunction="Pin_17" pintype="passive"/>
      <node ref="U1" pin="6" pinfunction="VCCB" pintype="power_in"/>
    </net>
    <net code="2" name="+5V">
      <node ref="C4" pin="1" pintype="passive"/>
      <node ref="J2" pin="1" pinfunction="Pin_1" pintype="passive"/>
      <node ref="J3" pin="1" pintype="passive"/>
      <node ref="J4" pin="1" pinfunction="Pin_1" pintype="passive"/>
      <node ref="J5" pin="1" pinfunction="Pin_1" pintype="passive"/>
      <node ref="JP2" pin="1" pinfunction="A" pintype="passive"/>
    </net>
    <net code="3" name="+5VD">
      <node ref="IC2" pin="3" pinfunction="VIN1" pintype="passive"/>
      <node ref="JP2" pin="2" pinfunction="B" pintype="passive"/>
    </net>
    <net code="4" name="+5VP">
      <node ref="C1" pin="2" pintype="passive"/>
      <node ref="C2" pin="1" pintype="passive"/>
      <node ref="D1" pin="1" pinfunction="VDD" pintype="power_in"/>
      <node ref="IC2" pin="2" pinfunction="VOUT_1" pintype="passive"/>
      <node ref="J1" pin="2" pinfunction="Pin_2" pintype="passive"/>
      <node ref="J1" pin="4" pinfunction="Pin_4" pintype="passive"/>
      <node ref="R2" pin="1" pintype="passive"/>
      <node ref="U1" pin="1" pinfunction="VCCA" pintype="power_in"/>
    </net>
    <net code="5" name="/Data">
      <node ref="J1" pin="19" pinfunction="Pin_19" pintype="passive"/>
      <node ref="U1" pin="4" pinfunction="B" pintype="bidirectional"/>
    </net>
    <net code="6" name="DIN">
      <node ref="D1" pin="4" pinfunction="DIN" pintype="input"/>
      <node ref="JP1" pin="3" pinfunction="B" pintype="passive"/>
    </net>
    <net code="7" name="DOUT">
      <node ref="D1" pin="2" pinfunction="DOUT" pintype="output"/>
      <node ref="J2" pin="2" pinfunction="Pin_2" pintype="passive"/>
      <node ref="J5" pin="2" pinfunction="Pin_2" pintype="passive"/>
      <node ref="JP1" pin="1" pinfunction="A" pintype="passive"/>
    </net>
    <net code="8" name="GND">
      <node ref="C1" pin="1" pintype="passive"/>
      <node ref="C2" pin="2" pintype="passive"/>
      <node ref="C3" pin="1" pintype="passive"/>
      <node ref="C4" pin="2" pintype="passive"/>
      <node ref="D1" pin="3" pinfunction="VSS" pintype="power_in"/>
      <node ref="IC1" pin="3" pinfunction="ANODE" pintype="passive"/>
      <node ref="IC2" pin="1" pinfunction="GND_1" pintype="passive"/>
      <node ref="IC2" pin="4" pinfunction="~{ON}" pintype="passive"/>
      <node ref="IC2" pin="5" pinfunction="GND_2" pintype="passive"/>
      <node ref="J1" pin="14" pinfunction="Pin_14" pintype="passive"/>
      <node ref="J1" pin="20" pinfunction="Pin_20" pintype="passive"/>
      <node ref="J1" pin="6" pinfunction="Pin_6" pintype="passive"/>
      <node ref="J1" pin="9" pinfunction="Pin_9" pintype="passive"/>
      <node ref="J2" pin="3" pinfunction="Pin_3" pintype="passive"/>
      <node ref="J3" pin="2" pintype="passive"/>
      <node ref="J4" pin="2" pinfunction="Pin_2" pintype="passive"/>
      <node ref="J5" pin="3" pinfunction="Pin_3" pintype="passive"/>
      <node ref="R4" pin="2" pintype="passive"/>
      <node ref="U1" pin="2" pinfunction="GND" pintype="power_in"/>
      <node ref="U1" pin="5" pinfunction="DIR" pintype="input"/>
    </net>
    <net code="9" name="Net-(IC1-Pad1)">
      <node ref="IC1" pin="1" pinfunction="CATHODE" pintype="passive"/>
      <node ref="R2" pin="2" pintype="passive"/>
      <node ref="R3" pin="1" pintype="passive"/>
    </net>
    <net code="10" name="Net-(IC1-Pad2)">
      <node ref="IC1" pin="2" pinfunction="REFERENCE" pintype="passive"/>
      <node ref="R3" pin="2" pintype="passive"/>
      <node ref="R4" pin="1" pintype="passive"/>
    </net>
    <net code="11" name="Net-(JP1-Pad2)">
      <node ref="JP1" pin="2" pinfunction="C" pintype="input"/>
      <node ref="R1" pin="1" pintype="passive"/>
    </net>
    <net code="12" name="Net-(R1-Pad2)">
      <node ref="R1" pin="2" pintype="passive"/>
      <node ref="U1" pin="3" pinfunction="A" pintype="bidirectional"/>
    </net>
    <net code="13" name="unconnected-(IC2-Pad6)">
      <node ref="IC2" pin="6" pinfunction="VIN2" pintype="passive"/>
    </net>
    <net code="14" name="unconnected-(IC2-Pad7)">
      <node ref="IC2" pin="7" pinfunction="VOUT_2" pintype="passive"/>
    </net>
    <net code="15" name="unconnected-(IC2-Pad8)">
      <node ref="IC2" pin="8" pinfunction="ST" pintype="passive"/>
    </net>
    <net code="16" name="unconnected-(J1-Pad3)">
      <node ref="J1" pin="3" pinfunction="Pin_3" pintype="passive"/>
    </net>
    <net code="17" name="unconnected-(J1-Pad5)">
      <node ref="J1" pin="5" pinfunction="Pin_5" pintype="passive"/>
    </net>
    <net code="18" name="unconnected-(J1-Pad7)">
      <node ref="J1" pin="7" pinfunction="Pin_7" pintype="passive"/>
    </net>
    <net code="19" name="unconnected-(J1-Pad8)">
      <node ref="J1" pin="8" pinfunction="Pin_8" pintype="passive"/>
    </net>
    <net code="20" name="unconnected-(J1-Pad10)">
      <node ref="J1" pin="10" pinfunction="Pin_10" pintype="passive"/>
    </net>
    <net code="21" name="unconnected-(J1-Pad11)">
      <node ref="J1" pin="11" pinfunction="Pin_11" pintype="passive"/>
    </net>
    <net code="22" name="unconnected-(J1-Pad12)">
      <node ref="J1" pin="12" pinfunction="Pin_12" pintype="passive"/>
    </net>
    <net code="23" name="unconnected-(J1-Pad13)">
      <node ref="J1" pin="13" pinfunction="Pin_13" pintype="passive"/>
    </net>
    <net code="24" name="unconnected-(J1-Pad15)">
      <node ref="J1" pin="15" pinfunction="Pin_15" pintype="passive"/>
    </net>
    <net code="25" name="unconnected-(J1-Pad16)">
      <node ref="J1" pin="16" pinfunction="Pin_16" pintype="passive"/>
    </net>
    <net code="26" name="unconnected-(J1-Pad18)">
      <node ref="J1" pin="18" pinfunction="Pin_18" pintype="passive"/>
    </net>
    <net code="27" name="unconnected-(J3-PadMP)">
      <node ref="J3" pin="MP" pinfunction="MountPin" pintype="passive"/>
    </net>
  </nets>
</export>
